data_type,comparison_type,cell_type,comparison_name,comparison_side,sample_name,sample_group,new_comparison,toggle
ATAC-seq,differential,A549,REC,1,ATAC-seq_A549_REC_r1,REC,0,0
ATAC-seq,differential,A549,REC,1,ATAC-seq_A549_REC_r2,REC,0,0
ATAC-seq,differential,A549,REC,0,ATAC-seq_A549_WT_r1,WT,0,0
ATAC-seq,differential,A549,REC,0,ATAC-seq_A549_WT_r2,WT,0,0
ATAC-seq,differential,H2122,ARID1A,1,ATAC-seq_H2122_ARID1A_r1,ARID1A,0,0
ATAC-seq,differential,H2122,ARID1A,1,ATAC-seq_H2122_ARID1A_r2,ARID1A,0,0
ATAC-seq,differential,H2122,ARID1A,0,ATAC-seq_H2122_WT_r1,WT,0,0
ATAC-seq,differential,H2122,ARID1A,0,ATAC-seq_H2122_WT_r2,WT,0,0
ATAC-seq,differential,H2122,ARID1B,1,ATAC-seq_H2122_ARID1B_r1,ARID1B,0,0
ATAC-seq,differential,H2122,ARID1B,1,ATAC-seq_H2122_ARID1B_r2,ARID1B,0,0
ATAC-seq,differential,H2122,ARID1B,0,ATAC-seq_H2122_WT_r1,WT,0,0
ATAC-seq,differential,H2122,ARID1B,0,ATAC-seq_H2122_WT_r2,WT,0,0
ATAC-seq,differential,HAP1,ACTB,1,ATAC-seq_HAP1_ACTB_r1_2471_10,ACTB,0,1
ATAC-seq,differential,HAP1,ACTB,1,ATAC-seq_HAP1_ACTB_r2_2471_10,ACTB,0,1
ATAC-seq,differential,HAP1,ACTB,0,ATAC-seq_HAP1_WT_r1_C631,WT,0,1
ATAC-seq,differential,HAP1,ACTB,0,ATAC-seq_HAP1_WT_r2_C631,WT,0,1
ATAC-seq,differential,HAP1,ARID1A,1,ATAC-seq_HAP1_ARID1A_r1_618_10,ARID1A,0,1
ATAC-seq,differential,HAP1,ARID1A,1,ATAC-seq_HAP1_ARID1A_r1_618_3,ARID1A,0,1
ATAC-seq,differential,HAP1,ARID1A,1,ATAC-seq_HAP1_ARID1A_r2_618_10,ARID1A,0,1
ATAC-seq,differential,HAP1,ARID1A,1,ATAC-seq_HAP1_ARID1A_r2_618_3,ARID1A,0,1
ATAC-seq,differential,HAP1,ARID1A,0,ATAC-seq_HAP1_WT_r1_C631,WT,0,1
ATAC-seq,differential,HAP1,ARID1A,0,ATAC-seq_HAP1_WT_r2_C631,WT,0,1
ATAC-seq,differential,HAP1,ARID1A,0,ATAC-seq_HAP1_WT_r1_C631,WT,0,1
ATAC-seq,differential,HAP1,ARID1A,0,ATAC-seq_HAP1_WT_r2_C631,WT,0,1
ATAC-seq,differential,HAP1,ARID1B,1,ATAC-seq_HAP1_ARID1B_r1_582_7,ARID1B,1,1
ATAC-seq,differential,HAP1,ARID1B,1,ATAC-seq_HAP1_ARID1B_r2_582_7,ARID1B,1,1
ATAC-seq,differential,HAP1,ARID1B,1,ATAC-seq_HAP1_ARID1B_582_5_r1,ARID1B,1,1
ATAC-seq,differential,HAP1,ARID1B,1,ATAC-seq_HAP1_ARID1B_582_5_r2,ARID1B,1,1
ATAC-seq,differential,HAP1,ARID1B,0,ATAC-seq_HAP1_WT_r1_C631,WT,1,1
ATAC-seq,differential,HAP1,ARID1B,0,ATAC-seq_HAP1_WT_r2_C631,WT,1,1
ATAC-seq,differential,HAP1,ARID2,1,ATAC-seq_HAP1_ARID2_r1_907_9,ARID2,0,1
ATAC-seq,differential,HAP1,ARID2,1,ATAC-seq_HAP1_ARID2_r2_907_9,ARID2,0,1
ATAC-seq,differential,HAP1,ARID2,0,ATAC-seq_HAP1_WT_r1_C631,WT,0,1
ATAC-seq,differential,HAP1,ARID2,0,ATAC-seq_HAP1_WT_r2_C631,WT,0,1
ATAC-seq,differential,HAP1,ARID2_shSMARCA4,1,ATAC-seq_HAP1_ARID2_r1_shSMARCA4,ARID2_shSMARCA4,0,0
ATAC-seq,differential,HAP1,ARID2_shSMARCA4,1,ATAC-seq_HAP1_ARID2_r2_shSMARCA4,ARID2_shSMARCA4,0,0
ATAC-seq,differential,HAP1,ARID2_shSMARCA4,0,ATAC-seq_HAP1_ARID2_r1_shControl,ARID2_shControl,0,0
ATAC-seq,differential,HAP1,ARID2_shSMARCA4,0,ATAC-seq_HAP1_ARID2_r2_shControl,ARID2_shControl,0,0
ATAC-seq,differential,HAP1,BCL11A,1,ATAC-seq_HAP1_BCL11A_r1_2426_10,BCL11A,0,1
ATAC-seq,differential,HAP1,BCL11A,1,ATAC-seq_HAP1_BCL11A_r2_2426_10,BCL11A,0,1
ATAC-seq,differential,HAP1,BCL11A,0,ATAC-seq_HAP1_WT_r1_C631,WT,0,1
ATAC-seq,differential,HAP1,BCL11A,0,ATAC-seq_HAP1_WT_r2_C631,WT,0,1
ATAC-seq,differential,HAP1,BCL11B,1,ATAC-seq_HAP1_BCL11B_r1_2432_10,BCL11B,0,1
ATAC-seq,differential,HAP1,BCL11B,1,ATAC-seq_HAP1_BCL11B_r2_2432_10,BCL11B,0,1
ATAC-seq,differential,HAP1,BCL11B,0,ATAC-seq_HAP1_WT_r1_C631,WT,0,1
ATAC-seq,differential,HAP1,BCL11B,0,ATAC-seq_HAP1_WT_r2_C631,WT,0,1
ATAC-seq,differential,HAP1,BCL7A,1,ATAC-seq_HAP1_BCL7A_r1_2434_10,BCL7A,0,1
ATAC-seq,differential,HAP1,BCL7A,1,ATAC-seq_HAP1_BCL7A_r2_2434_10,BCL7A,0,1
ATAC-seq,differential,HAP1,BCL7A,0,ATAC-seq_HAP1_WT_r1_C631,WT,0,1
ATAC-seq,differential,HAP1,BCL7A,0,ATAC-seq_HAP1_WT_r2_C631,WT,0,1
ATAC-seq,differential,HAP1,BCL7B,1,ATAC-seq_HAP1_BCL7B_4278_10_r1,BCL7B,1,1
ATAC-seq,differential,HAP1,BCL7B,1,ATAC-seq_HAP1_BCL7B_4278_10_r2,BCL7B,1,1
ATAC-seq,differential,HAP1,BCL7B,0,ATAC-seq_HAP1_WT_C631_r5,WT,1,1
ATAC-seq,differential,HAP1,BCL7B,0,ATAC-seq_HAP1_WT_C631_r6,WT,1,1
ATAC-seq,differential,HAP1,BRD4,1,ATAC-seq_HAP1_BRD4_1340-4_r1,BRD4,0,0
ATAC-seq,differential,HAP1,BRD4,1,ATAC-seq_HAP1_BRD4_1340-4_r2,BRD4,0,0
ATAC-seq,differential,HAP1,BRD4,0,ATAC-seq_HAP1_WT_r1,WT,0,0
ATAC-seq,differential,HAP1,BRD4,0,ATAC-seq_HAP1_WT_r2,WT,0,0
ATAC-seq,differential,HAP1,BRD7,1,ATAC-seq_HAP1_BRD7_r1_923_10,BRD7,0,1
ATAC-seq,differential,HAP1,BRD7,1,ATAC-seq_HAP1_BRD7_r2_923_10,BRD7,0,1
ATAC-seq,differential,HAP1,BRD7,0,ATAC-seq_HAP1_WT_r1_C631,WT,0,1
ATAC-seq,differential,HAP1,BRD7,0,ATAC-seq_HAP1_WT_r2_C631,WT,0,1
ATAC-seq,differential,HAP1,BRD9,1,ATAC-seq_HAP1_BRD9_r1_934_10,BRD9,0,1
ATAC-seq,differential,HAP1,BRD9,1,ATAC-seq_HAP1_BRD9_r2_934_10,BRD9,0,1
ATAC-seq,differential,HAP1,BRD9,0,ATAC-seq_HAP1_WT_r1_C631,WT,0,1
ATAC-seq,differential,HAP1,BRD9,0,ATAC-seq_HAP1_WT_r2_C631,WT,0,1
ATAC-seq,differential,HAP1,dBET6_WT_C631,1,ATAC-seq_HAP1_WT_dBET6_C631_r1,dBET6_WT_C631,0,0
ATAC-seq,differential,HAP1,dBET6_WT_C631,1,ATAC-seq_HAP1_WT_dBET6_C631_r2,dBET6_WT_C631,0,0
ATAC-seq,differential,HAP1,dBET6_WT_C631,0,ATAC-seq_HAP1_WT_C631_r5,untreated_WT_C631,0,0
ATAC-seq,differential,HAP1,dBET6_WT_C631,0,ATAC-seq_HAP1_WT_C631_r6,untreated_WT_C631,0,0
ATAC-seq,differential,HAP1,diploid_vs_haploid,1,ATAC-seq_HAP1_WT_diploid_C631_r1,diploid,0,0
ATAC-seq,differential,HAP1,diploid_vs_haploid,1,ATAC-seq_HAP1_WT_diploid_C631_r2,diploid,0,0
ATAC-seq,differential,HAP1,diploid_vs_haploid,0,ATAC-seq_HAP1_WT_haploid_C631_r1,haploid,0,0
ATAC-seq,differential,HAP1,diploid_vs_haploid,0,ATAC-seq_HAP1_WT_haploid_C631_r2,haploid,0,0
ATAC-seq,differential,HAP1,DPF1,1,ATAC-seq_HAP1_DPF1_r1_2779_11,DPF1,0,1
ATAC-seq,differential,HAP1,DPF1,1,ATAC-seq_HAP1_DPF1_r2_2779_11,DPF1,0,1
ATAC-seq,differential,HAP1,DPF1,0,ATAC-seq_HAP1_WT_r1_C631,WT,0,1
ATAC-seq,differential,HAP1,DPF1,0,ATAC-seq_HAP1_WT_r2_C631,WT,0,1
ATAC-seq,differential,HAP1,DPF2,1,ATAC-seq_HAP1_DPF2_r1_2777_4,DPF2,0,1
ATAC-seq,differential,HAP1,DPF2,1,ATAC-seq_HAP1_DPF2_r2_2777_4,DPF2,0,1
ATAC-seq,differential,HAP1,DPF2,0,ATAC-seq_HAP1_WT_r1_C631,WT,0,1
ATAC-seq,differential,HAP1,DPF2,0,ATAC-seq_HAP1_WT_r2_C631,WT,0,1
ATAC-seq,differential,HAP1,DPF3,1,ATAC-seq_HAP1_DPF3_r1_2776_1,DPF3,0,1
ATAC-seq,differential,HAP1,DPF3,1,ATAC-seq_HAP1_DPF3_r2_2776_1,DPF3,0,1
ATAC-seq,differential,HAP1,DPF3,0,ATAC-seq_HAP1_WT_r1_C631,WT,0,1
ATAC-seq,differential,HAP1,DPF3,0,ATAC-seq_HAP1_WT_r2_C631,WT,0,1
ATAC-seq,differential,HAP1,dTAG7_ARID2KO_SMARCA4_F5,1,ATAC-seq_HAP1_dTAG7_A2_A4_F5_r1,dTAG7_ARID2KO_SMARCA4_F5,0,0
ATAC-seq,differential,HAP1,dTAG7_ARID2KO_SMARCA4_F5,1,ATAC-seq_HAP1_dTAG7_A2_A4_F5_r2,dTAG7_ARID2KO_SMARCA4_F5,0,0
ATAC-seq,differential,HAP1,dTAG7_ARID2KO_SMARCA4_F5,0,ATAC-seq_HAP1_A2_A4_F5_r1,untreated_ARID2KO_SMARCA4_F5,0,0
ATAC-seq,differential,HAP1,dTAG7_ARID2KO_SMARCA4_F5,0,ATAC-seq_HAP1_A2_A4_F5_r2,untreated_ARID2KO_SMARCA4_F5,0,0
ATAC-seq,differential,HAP1,dTAG7_SMARCA4KO_ARID2_C5,1,ATAC-seq_HAP1_dTAG7_A4_A2_C5_r1,dTAG7_SMARCA4KO_ARID2_C5,0,0
ATAC-seq,differential,HAP1,dTAG7_SMARCA4KO_ARID2_C5,1,ATAC-seq_HAP1_dTAG7_A4_A2_C5_r2,dTAG7_SMARCA4KO_ARID2_C5,0,0
ATAC-seq,differential,HAP1,dTAG7_SMARCA4KO_ARID2_C5,0,ATAC-seq_HAP1_A4_A2_C5_r1,untreated_SMARCA4KO_ARID2_C5,0,0
ATAC-seq,differential,HAP1,dTAG7_SMARCA4KO_ARID2_C5,0,ATAC-seq_HAP1_A4_A2_C5_r2,untreated_SMARCA4KO_ARID2_C5,0,0
ATAC-seq,differential,HAP1,parental_dBet6,1,ATAC-seq_HAP1_WT_parental_r1_dBet6,WTparental_dBet6,0,0
ATAC-seq,differential,HAP1,parental_dBet6,1,ATAC-seq_HAP1_WT_parental_r2_dBet6,WTparental_dBet6,0,0
ATAC-seq,differential,HAP1,parental_dBet6,0,ATAC-seq_HAP1_WT_parental_r1,WTparental,0,0
ATAC-seq,differential,HAP1,parental_dBet6,0,ATAC-seq_HAP1_WT_parental_r2,WTparental,0,0
ATAC-seq,differential,HAP1,PBRM1,1,ATAC-seq_HAP1_PBRM1_r1_1135_10,PBRM1,0,1
ATAC-seq,differential,HAP1,PBRM1,1,ATAC-seq_HAP1_PBRM1_r2_1135_10,PBRM1,0,1
ATAC-seq,differential,HAP1,PBRM1,0,ATAC-seq_HAP1_WT_r1_C631,WT,0,1
ATAC-seq,differential,HAP1,PBRM1,0,ATAC-seq_HAP1_WT_r2_C631,WT,0,1
ATAC-seq,differential,HAP1,PHF10,1,ATAC-seq_HAP1_PHF10_r1_2778_11,PHF10,0,1
ATAC-seq,differential,HAP1,PHF10,1,ATAC-seq_HAP1_PHF10_r2_2778_11,PHF10,0,1
ATAC-seq,differential,HAP1,PHF10,0,ATAC-seq_HAP1_WT_r1_C631,WT,0,1
ATAC-seq,differential,HAP1,PHF10,0,ATAC-seq_HAP1_WT_r2_C631,WT,0,1
ATAC-seq,differential,HAP1,shARID2,1,ATAC-seq_HAP1_WT_r1_shARID2,shARID2,0,0
ATAC-seq,differential,HAP1,shARID2,1,ATAC-seq_HAP1_WT_r2_shARID2,shARID2,0,0
ATAC-seq,differential,HAP1,shARID2,0,ATAC-seq_HAP1_WT_r1_shControl,shControl,0,0
ATAC-seq,differential,HAP1,shARID2,0,ATAC-seq_HAP1_WT_r2_shControl,shControl,0,0
ATAC-seq,differential,HAP1,shSMARCA4,1,ATAC-seq_HAP1_WT_r1_shSMARCA4,shSMARCA4,0,0
ATAC-seq,differential,HAP1,shSMARCA4,1,ATAC-seq_HAP1_WT_r2_shSMARCA4,shSMARCA4,0,0
ATAC-seq,differential,HAP1,shSMARCA4,0,ATAC-seq_HAP1_WT_r1_shControl,shControl,0,0
ATAC-seq,differential,HAP1,shSMARCA4,0,ATAC-seq_HAP1_WT_r2_shControl,shControl,0,0
ATAC-seq,differential,HAP1,shSMARCA4shARID2,1,ATAC-seq_HAP1_WT_r1_shSMARCA4shARID2,shSMARCA4shARID2,0,0
ATAC-seq,differential,HAP1,shSMARCA4shARID2,1,ATAC-seq_HAP1_WT_r2_shSMARCA4shARID2,shSMARCA4shARID2,0,0
ATAC-seq,differential,HAP1,shSMARCA4shARID2,0,ATAC-seq_HAP1_WT_r1_shControl,shControl,0,0
ATAC-seq,differential,HAP1,shSMARCA4shARID2,0,ATAC-seq_HAP1_WT_r2_shControl,shControl,0,0
ATAC-seq,differential,HAP1,SMARCA2,1,ATAC-seq_HAP1_SMARCA2_r1_4055_12,SMARCA2,0,1
ATAC-seq,differential,HAP1,SMARCA2,1,ATAC-seq_HAP1_SMARCA2_r2_4055_12,SMARCA2,0,1
ATAC-seq,differential,HAP1,SMARCA2,0,ATAC-seq_HAP1_WT_r1_C631,WT,0,1
ATAC-seq,differential,HAP1,SMARCA2,0,ATAC-seq_HAP1_WT_r2_C631,WT,0,1
ATAC-seq,differential,HAP1,SMARCA4,1,ATAC-seq_HAP1_SMARCA4_r1_2878_4,SMARCA4,0,1
ATAC-seq,differential,HAP1,SMARCA4,1,ATAC-seq_HAP1_SMARCA4_r1_2878_6,SMARCA4,0,1
ATAC-seq,differential,HAP1,SMARCA4,1,ATAC-seq_HAP1_SMARCA4_r2_2878_4,SMARCA4,0,1
ATAC-seq,differential,HAP1,SMARCA4,1,ATAC-seq_HAP1_SMARCA4_r2_2878_6,SMARCA4,0,1
ATAC-seq,differential,HAP1,SMARCA4,0,ATAC-seq_HAP1_WT_r1_C631,WT,0,1
ATAC-seq,differential,HAP1,SMARCA4,0,ATAC-seq_HAP1_WT_r2_C631,WT,0,1
ATAC-seq,differential,HAP1,SMARCA4_NCIH1568,1,ATAC-seq_NCIH1568_Renilla_r1,SMARCA4_NCIH1568,0,0
ATAC-seq,differential,HAP1,SMARCA4_NCIH1568,1,ATAC-seq_NCIH1568_Renilla_r2,SMARCA4_NCIH1568,0,0
ATAC-seq,differential,HAP1,SMARCA4_NCIH1568,0,ATAC-seq_NCIH1568_SMARCA4_r1,Renilla_NCIH1568,0,0
ATAC-seq,differential,HAP1,SMARCA4_NCIH1568,0,ATAC-seq_NCIH1568_SMARCA4_r2,Renilla_NCIH1568,0,0
ATAC-seq,differential,HAP1,SMARCA4_shARID1A,1,ATAC-seq_HAP1_SMARCA4_r1_shARID2,SMARCA4_shARID1A,0,0
ATAC-seq,differential,HAP1,SMARCA4_shARID1A,1,ATAC-seq_HAP1_SMARCA4_r2_shARID2,SMARCA4_shARID1A,0,0
ATAC-seq,differential,HAP1,SMARCA4_shARID1A,0,ATAC-seq_HAP1_SMARCA4_r1_shControl,SMARCA4_shControl,0,0
ATAC-seq,differential,HAP1,SMARCA4_shARID1A,0,ATAC-seq_HAP1_SMARCA4_r2_shControl,SMARCA4_shControl,0,0
ATAC-seq,differential,HAP1,SMARCA4_SKHep1,1,ATAC-seq_SKHep1_Renilla_r1,SMARCA4_SKHep1,0,0
ATAC-seq,differential,HAP1,SMARCA4_SKHep1,1,ATAC-seq_SKHep1_Renilla_r2,SMARCA4_SKHep1,0,0
ATAC-seq,differential,HAP1,SMARCA4_SKHep1,0,ATAC-seq_SKHep1_SMARCA4_r1,Renilla_SKHep1,0,0
ATAC-seq,differential,HAP1,SMARCA4_SKHep1,0,ATAC-seq_SKHep1_SMARCA4_r2,Renilla_SKHep1,0,0
ATAC-seq,differential,HAP1,SMARCC1,1,ATAC-seq_HAP1_SMARCC1_r1_2476_12,SMARCC1,0,1
ATAC-seq,differential,HAP1,SMARCC1,1,ATAC-seq_HAP1_SMARCC1_r2_2476_12,SMARCC1,0,1
ATAC-seq,differential,HAP1,SMARCC1,0,ATAC-seq_HAP1_WT_r1_C631,WT,0,1
ATAC-seq,differential,HAP1,SMARCC1,0,ATAC-seq_HAP1_WT_r2_C631,WT,0,1
ATAC-seq,differential,HAP1,SMARCC2,1,ATAC-seq_HAP1_SMARCC2_6062_10_r1,SMARCC2,1,1
ATAC-seq,differential,HAP1,SMARCC2,1,ATAC-seq_HAP1_SMARCC2_6062_10_r2,SMARCC2,1,1
ATAC-seq,differential,HAP1,SMARCC2,0,ATAC-seq_HAP1_WT_C631_r5,WT,1,1
ATAC-seq,differential,HAP1,SMARCC2,0,ATAC-seq_HAP1_WT_C631_r6,WT,1,1
ATAC-seq,differential,HAP1,SMARCD1,1,ATAC-seq_HAP1_SMARCD1_r1_2478_6,SMARCD1,0,1
ATAC-seq,differential,HAP1,SMARCD1,1,ATAC-seq_HAP1_SMARCD1_r2_2478_6,SMARCD1,0,1
ATAC-seq,differential,HAP1,SMARCD1,0,ATAC-seq_HAP1_WT_r1_C631,WT,0,1
ATAC-seq,differential,HAP1,SMARCD1,0,ATAC-seq_HAP1_WT_r2_C631,WT,0,1
ATAC-seq,differential,HAP1,SMARCD2,1,ATAC-seq_HAP1_SMARCD2_r1_2782_10,SMARCD2,0,1
ATAC-seq,differential,HAP1,SMARCD2,1,ATAC-seq_HAP1_SMARCD2_r2_2782_10,SMARCD2,0,1
ATAC-seq,differential,HAP1,SMARCD2,0,ATAC-seq_HAP1_WT_r1_C631,WT,0,1
ATAC-seq,differential,HAP1,SMARCD2,0,ATAC-seq_HAP1_WT_r2_C631,WT,0,1
ATAC-seq,differential,HAP1,SMARCD3,1,ATAC-seq_HAP1_SMARCD3_r1_2480_12,SMARCD3,0,1
ATAC-seq,differential,HAP1,SMARCD3,1,ATAC-seq_HAP1_SMARCD3_r2_2480_12,SMARCD3,0,1
ATAC-seq,differential,HAP1,SMARCD3,0,ATAC-seq_HAP1_WT_r1_C631,WT,0,1
ATAC-seq,differential,HAP1,SMARCD3,0,ATAC-seq_HAP1_WT_r2_C631,WT,0,1
ATAC-seq,differential,HAP1,WT_dBet6,1,ATAC-seq_HAP1_WT_r1_dBet6,WT_dBet6,0,0
ATAC-seq,differential,HAP1,WT_dBet6,1,ATAC-seq_HAP1_WT_r2_dBet6,WT_dBet6,0,0
ATAC-seq,differential,HAP1,WT_dBet6,0,ATAC-seq_HAP1_WT_r1,WT,0,0
ATAC-seq,differential,HAP1,WT_dBet6,0,ATAC-seq_HAP1_WT_r2,WT,0,0
ATAC-seq,differential,OV90,ARID1A,1,ATAC-seq_OV90_ARID1A_r1_21D,ARID1A,0,0
ATAC-seq,differential,OV90,ARID1A,1,ATAC-seq_OV90_ARID1A_r1_27B,ARID1A,0,0
ATAC-seq,differential,OV90,ARID1A,1,ATAC-seq_OV90_ARID1A_r3_21D,ARID1A,0,0
ATAC-seq,differential,OV90,ARID1A,1,ATAC-seq_OV90_ARID1A_r3_27B,ARID1A,0,0
ATAC-seq,differential,OV90,ARID1A,0,ATAC-seq_OV90_WT_r1_ATCC,WT,0,0
ATAC-seq,differential,OV90,ARID1A,0,ATAC-seq_OV90_WT_r1_Cl9E6,WT,0,0
ATAC-seq,differential,OV90,ARID1A,0,ATAC-seq_OV90_WT_r3_ATCC,WT,0,0
ATAC-seq,differential,OV90,ARID1A,0,ATAC-seq_OV90_WT_r3_Cl9E6,WT,0,0
ChIP-seq,peaks,HAP1,ARID1A_ARID1AKO_Input_r1,1,ChIP-seq_HAP1_ARID1A_ARID1A_r1,ARID1A_ARID1A_r1,0,0
ChIP-seq,peaks,HAP1,ARID1A_ARID1AKO_Input_r1,0,ChIP-seq_HAP1_ARID1A_Input_r1,ARID1A_Input_r1,0,0
ChIP-seq,peaks,HAP1,ARID1A_ARID1BKO_Input_r1,1,ChIP-seq_HAP1_ARID1B_ARID1A_r1,ARID1B_ARID1A_r1,0,0
ChIP-seq,peaks,HAP1,ARID1A_ARID1BKO_Input_r1,0,ChIP-seq_HAP1_ARID1B_Input_r1,ARID1B_Input_r1,0,0
ChIP-seq,peaks,HAP1,ARID1A_BCL7BKO_Input_r1,1,ChIP-seq_HAP1_BCL7B_ARID1A_r1,BCL7B_ARID1A_r1,0,0
ChIP-seq,peaks,HAP1,ARID1A_BCL7BKO_Input_r1,0,ChIP-seq_HAP1_BCL7B_Input_r1,BCL7B_Input_r1,0,0
ChIP-seq,peaks,HAP1,ARID1A_IgG,1,ChIP-seq_HAP1_WT_ARID1A_r1,ARID1A,0,0
ChIP-seq,peaks,HAP1,ARID1A_IgG,1,ChIP-seq_HAP1_WT_ARID1A_r2,ARID1A,0,0
ChIP-seq,peaks,HAP1,ARID1A_IgG,0,ChIP-seq_HAP1_WT_IgG_r1,IgG,0,0
ChIP-seq,peaks,HAP1,ARID1A_IgG,0,ChIP-seq_HAP1_WT_IgG_r2,IgG,0,0
ChIP-seq,peaks,HAP1,ARID1A_Input,1,ChIP-seq_HAP1_WT_ARID1A_r1,ARID1A,0,0
ChIP-seq,peaks,HAP1,ARID1A_Input,1,ChIP-seq_HAP1_WT_ARID1A_r2,ARID1A,0,0
ChIP-seq,peaks,HAP1,ARID1A_Input,0,ChIP-seq_HAP1_WT_Input_1x_r1,Input,0,0
ChIP-seq,peaks,HAP1,ARID1A_Input,0,ChIP-seq_HAP1_WT_Input_20_r1,Input,0,0
ChIP-seq,peaks,HAP1,ARID1A_Input,0,ChIP-seq_HAP1_WT_Input_25_r2,Input,0,0
ChIP-seq,peaks,HAP1,ARID1A_Input,0,ChIP-seq_HAP1_WT_Input_8x_r1,Input,0,0
ChIP-seq,peaks,HAP1,ARID1A_Input_r1,1,ChIP-seq_HAP1_WT_ARID1A_r1,ARID1A_r1,0,0
ChIP-seq,peaks,HAP1,ARID1A_Input_r1,0,ChIP-seq_HAP1_WT_Input_1x_r1,Input_1x_r1,0,0
ChIP-seq,peaks,HAP1,ARID1A_Input_r1,0,ChIP-seq_HAP1_WT_Input_8x_r1,Input_8x_r1,0,0
ChIP-seq,peaks,HAP1,ARID1A_Input_r2,1,ChIP-seq_HAP1_WT_ARID1A_r2,ARID1A_r2,0,0
ChIP-seq,peaks,HAP1,ARID1A_Input_r2,0,ChIP-seq_HAP1_WT_Input_25_r2,Input_25_r2,0,0
ChIP-seq,peaks,HAP1,ARID1A_r1_IgG,1,ChIP-seq_HAP1_WT_ARID1A_r1,ARID1A_r1,0,0
ChIP-seq,peaks,HAP1,ARID1A_r1_IgG,0,ChIP-seq_HAP1_WT_IgG_r1,IgG_r1,0,0
ChIP-seq,peaks,HAP1,ARID1A_r2_IgG,1,ChIP-seq_HAP1_WT_ARID1A_r2,ARID1A_r2,0,0
ChIP-seq,peaks,HAP1,ARID1A_r2_IgG,0,ChIP-seq_HAP1_WT_IgG_r2,IgG_r2,0,0
ChIP-seq,peaks,HAP1,ARID1A_SMARCA2KO_Input_r1,1,ChIP-seq_HAP1_SMARCA2_ARID1A_r1,SMARCA2_ARID1A_r1,0,0
ChIP-seq,peaks,HAP1,ARID1A_SMARCA2KO_Input_r1,0,ChIP-seq_HAP1_SMARCA2_Input_r1,SMARCA2_Input_r1,0,0
ChIP-seq,peaks,HAP1,ARID1A_SMARCA4KO_Input_r1,1,ChIP-seq_HAP1_SMARCA4_ARID1A_r1,SMARCA4_ARID1A_r1,0,0
ChIP-seq,peaks,HAP1,ARID1A_SMARCA4KO_Input_r1,0,ChIP-seq_HAP1_SMARCA4_Input_r1,SMARCA4_Input_r1,0,0
ChIP-seq,peaks,HAP1,ARID1A_SMARCC1KO_Input_r1,1,ChIP-seq_HAP1_SMARCC1_ARID1A_r1,SMARCC1_ARID1A_r1,0,0
ChIP-seq,peaks,HAP1,ARID1A_SMARCC1KO_Input_r1,0,ChIP-seq_HAP1_SMARCC1_Input_r1,SMARCC1_Input_r1,0,0
ChIP-seq,peaks,HAP1,ARID1A_SMARCC2KO_Input_r1,1,ChIP-seq_HAP1_SMARCC2_ARID1A_r1,SMARCC2_ARID1A_r1,0,0
ChIP-seq,peaks,HAP1,ARID1A_SMARCC2KO_Input_r1,0,ChIP-seq_HAP1_SMARCC2_Input_r1,SMARCC2_Input_r1,0,0
ChIP-seq,peaks,HAP1,ARID1A_WT_Input_r3,1,ChIP-seq_HAP1_WT_ARID1A_r3,WT_ARID1A_r3,0,0
ChIP-seq,peaks,HAP1,ARID1A_WT_Input_r3,0,ChIP-seq_HAP1_WT_Input_r1,WT_Input_r1,0,0
ChIP-seq,differential,HAP1,ARID1AKO_vs_WT,1,ChIP-seq_HAP1_ARID1A_ARID1A_r1,ARID1A_ARID1A_r1,0,0
ChIP-seq,differential,HAP1,ARID1AKO_vs_WT,0,ChIP-seq_HAP1_WT_ARID1A_r3,WT_ARID1A_r1,0,0
ChIP-seq,peaks,HAP1,ARID1B_Input_r1,1,ChIP-seq_HAP1_WT_ARID1B_r1,ARID1B_r1,0,0
ChIP-seq,peaks,HAP1,ARID1B_Input_r1,0,ChIP-seq_HAP1_WT_Input_25_r2,Input_25_r2,0,0
ChIP-seq,peaks,HAP1,ARID1B_r1_IgG,1,ChIP-seq_HAP1_WT_ARID1B_r1,ARID1B_r1,0,0
ChIP-seq,peaks,HAP1,ARID1B_r1_IgG,0,ChIP-seq_HAP1_WT_IgG_r2,IgG_r2,0,0
ChIP-seq,differential,HAP1,ARID1BKO_vs_WT,1,ChIP-seq_HAP1_ARID1B_ARID1A_r1,ARID1B_ARID1A_r1,0,0
ChIP-seq,differential,HAP1,ARID1BKO_vs_WT,0,ChIP-seq_HAP1_WT_ARID1A_r3,WT_ARID1A_r1,0,0
ChIP-seq,peaks,HAP1,ARID2_IgG,1,ChIP-seq_HAP1_WT_ARID2_NB_r1,ARID2,0,0
ChIP-seq,peaks,HAP1,ARID2_IgG,1,ChIP-seq_HAP1_WT_ARID2_PA5_r2,ARID2,0,0
ChIP-seq,peaks,HAP1,ARID2_IgG,0,ChIP-seq_HAP1_WT_IgG_r1,IgG,0,0
ChIP-seq,peaks,HAP1,ARID2_IgG,0,ChIP-seq_HAP1_WT_IgG_r2,IgG,0,0
ChIP-seq,peaks,HAP1,ARID2_Input,1,ChIP-seq_HAP1_WT_ARID2_NB_r1,ARID2,0,0
ChIP-seq,peaks,HAP1,ARID2_Input,1,ChIP-seq_HAP1_WT_ARID2_PA5_r2,ARID2,0,0
ChIP-seq,peaks,HAP1,ARID2_Input,0,ChIP-seq_HAP1_WT_Input_1x_r1,Input,0,0
ChIP-seq,peaks,HAP1,ARID2_Input,0,ChIP-seq_HAP1_WT_Input_20_r1,Input,0,0
ChIP-seq,peaks,HAP1,ARID2_Input,0,ChIP-seq_HAP1_WT_Input_25_r2,Input,0,0
ChIP-seq,peaks,HAP1,ARID2_Input,0,ChIP-seq_HAP1_WT_Input_8x_r1,Input,0,0
ChIP-seq,peaks,HAP1,ARID2_NB_Input_r1,1,ChIP-seq_HAP1_WT_ARID2_NB_r1,ARID2_NB_r1,0,0
ChIP-seq,peaks,HAP1,ARID2_NB_Input_r1,0,ChIP-seq_HAP1_WT_Input_25_r2,Input_25_r2,0,0
ChIP-seq,peaks,HAP1,ARID2_NB_r1_IgG,1,ChIP-seq_HAP1_WT_ARID2_NB_r1,ARID2_NB_r1,0,0
ChIP-seq,peaks,HAP1,ARID2_NB_r1_IgG,0,ChIP-seq_HAP1_WT_IgG_r2,IgG_r2,0,0
ChIP-seq,peaks,HAP1,ARID2_PA5_Input_r2,1,ChIP-seq_HAP1_WT_ARID2_PA5_r2,ARID2_PA5_r2,0,0
ChIP-seq,peaks,HAP1,ARID2_PA5_Input_r2,0,ChIP-seq_HAP1_WT_Input_25_r2,Input_25_r2,0,0
ChIP-seq,peaks,HAP1,ARID2_PA5_r2_IgG,1,ChIP-seq_HAP1_WT_ARID2_PA5_r2,ARID2_PA5_r2,0,0
ChIP-seq,peaks,HAP1,ARID2_PA5_r2_IgG,0,ChIP-seq_HAP1_WT_IgG_r2,IgG_r2,0,0
ChIP-seq,differential,HAP1,BCL7BKO_vs_WT,1,ChIP-seq_HAP1_BCL7B_ARID1A_r1,BCL7B_ARID1A_r1,0,0
ChIP-seq,differential,HAP1,BCL7BKO_vs_WT,0,ChIP-seq_HAP1_WT_ARID1A_r3,WT_ARID1A_r1,0,0
ChIP-seq,peaks,HAP1,BRD4_Input_r1,1,ChIP-seq_HAP1_WT_BRD4_r1,BRD4_r1,0,0
ChIP-seq,peaks,HAP1,BRD4_Input_r1,0,ChIP-seq_HAP1_WT_Input_1x_r1,Input_1x_r1,0,0
ChIP-seq,peaks,HAP1,BRD4_Input_r1,0,ChIP-seq_HAP1_WT_Input_8x_r1,Input_8x_r1,0,0
ChIP-seq,peaks,HAP1,BRD4_r1_IgG,1,ChIP-seq_HAP1_WT_BRD4_r1,BRD4_r1,0,0
ChIP-seq,peaks,HAP1,BRD4_r1_IgG,0,ChIP-seq_HAP1_WT_IgG_r1,IgG_r1,0,0
ChIP-seq,peaks,HAP1,H3K27ac_Input_r1,1,ChIP-seq_HAP1_WT_H3K27ac_r1,H3K27ac_r1,0,0
ChIP-seq,peaks,HAP1,H3K27ac_Input_r1,0,ChIP-seq_HAP1_WT_Input_1x_r1,Input_1x_r1,0,0
ChIP-seq,peaks,HAP1,H3K27ac_Input_r1,0,ChIP-seq_HAP1_WT_Input_8x_r1,Input_8x_r1,0,0
ChIP-seq,peaks,HAP1,H3K27ac_r1_IgG,1,ChIP-seq_HAP1_WT_H3K27ac_r1,H3K27ac_r1,0,0
ChIP-seq,peaks,HAP1,H3K27ac_r1_IgG,0,ChIP-seq_HAP1_WT_IgG_r1,IgG_r1,0,0
ChIP-seq,peaks,HAP1,PBRM1_Input_r1,1,ChIP-seq_HAP1_WT_PBRM1_r1,PBRM1_r1,0,0
ChIP-seq,peaks,HAP1,PBRM1_Input_r1,0,ChIP-seq_HAP1_WT_Input_25_r2,Input_25_r2,0,0
ChIP-seq,peaks,HAP1,PBRM1_r1_IgG,1,ChIP-seq_HAP1_WT_PBRM1_r1,PBRM1_r1,0,0
ChIP-seq,peaks,HAP1,PBRM1_r1_IgG,0,ChIP-seq_HAP1_WT_IgG_r2,IgG_r2,0,0
ChIP-seq,peaks,HAP1,PolII_Input_r1,1,ChIP-seq_HAP1_WT_PolII_r1,PolII_r1,0,0
ChIP-seq,peaks,HAP1,PolII_Input_r1,0,ChIP-seq_HAP1_WT_Input_1x_r1,Input_1x_r1,0,0
ChIP-seq,peaks,HAP1,PolII_Input_r1,0,ChIP-seq_HAP1_WT_Input_8x_r1,Input_8x_r1,0,0
ChIP-seq,peaks,HAP1,PolII_r1_IgG,1,ChIP-seq_HAP1_WT_PolII_r1,PolII_r1,0,0
ChIP-seq,peaks,HAP1,PolII_r1_IgG,0,ChIP-seq_HAP1_WT_IgG_r1,IgG_r1,0,0
ChIP-seq,peaks,HAP1,SMARCA2_Input_r1,1,ChIP-seq_HAP1_WT_SMARCA2_r1,SMARCA2_r1,0,0
ChIP-seq,peaks,HAP1,SMARCA2_Input_r1,0,ChIP-seq_HAP1_WT_Input_20_r1,Input_20_r1,0,0
ChIP-seq,peaks,HAP1,SMARCA2_r1_IgG,1,ChIP-seq_HAP1_WT_SMARCA2_r1,SMARCA2_r1,0,0
ChIP-seq,peaks,HAP1,SMARCA2_r1_IgG,0,ChIP-seq_HAP1_WT_IgG_r2,IgG_r2,0,0
ChIP-seq,differential,HAP1,SMARCA2KO_vs_WT,1,ChIP-seq_HAP1_SMARCA2_ARID1A_r1,SMARCA2_ARID1A_r1,0,0
ChIP-seq,differential,HAP1,SMARCA2KO_vs_WT,0,ChIP-seq_HAP1_WT_ARID1A_r3,WT_ARID1A_r1,0,0
ChIP-seq,peaks,HAP1,SMARCA4_IgG,1,ChIP-seq_HAP1_WT_SMARCA4_r1,SMARCA4,0,0
ChIP-seq,peaks,HAP1,SMARCA4_IgG,1,ChIP-seq_HAP1_WT_SMARCA4_r2,SMARCA4,0,0
ChIP-seq,peaks,HAP1,SMARCA4_IgG,0,ChIP-seq_HAP1_WT_IgG_r1,IgG,0,0
ChIP-seq,peaks,HAP1,SMARCA4_IgG,0,ChIP-seq_HAP1_WT_IgG_r2,IgG,0,0
ChIP-seq,peaks,HAP1,SMARCA4_Input,1,ChIP-seq_HAP1_WT_SMARCA4_r1,SMARCA4,0,0
ChIP-seq,peaks,HAP1,SMARCA4_Input,1,ChIP-seq_HAP1_WT_SMARCA4_r2,SMARCA4,0,0
ChIP-seq,peaks,HAP1,SMARCA4_Input,0,ChIP-seq_HAP1_WT_Input_1x_r1,Input,0,0
ChIP-seq,peaks,HAP1,SMARCA4_Input,0,ChIP-seq_HAP1_WT_Input_20_r1,Input,0,0
ChIP-seq,peaks,HAP1,SMARCA4_Input,0,ChIP-seq_HAP1_WT_Input_25_r2,Input,0,0
ChIP-seq,peaks,HAP1,SMARCA4_Input,0,ChIP-seq_HAP1_WT_Input_8x_r1,Input,0,0
ChIP-seq,peaks,HAP1,SMARCA4_Input_r1,1,ChIP-seq_HAP1_WT_SMARCA4_r1,SMARCA4_r1,0,0
ChIP-seq,peaks,HAP1,SMARCA4_Input_r1,1,ChIP-seq_HAP1_WT_SMARCA4_r1,SMARCA4_r1,0,0
ChIP-seq,peaks,HAP1,SMARCA4_Input_r1,0,ChIP-seq_HAP1_WT_Input_25_r2,Input_25_r2,0,0
ChIP-seq,peaks,HAP1,SMARCA4_Input_r1,0,ChIP-seq_HAP1_WT_Input_1x_r1,Input_1x_r1,0,0
ChIP-seq,peaks,HAP1,SMARCA4_Input_r1,0,ChIP-seq_HAP1_WT_Input_8x_r1,Input_8x_r1,0,0
ChIP-seq,peaks,HAP1,SMARCA4_Input_r2,1,ChIP-seq_HAP1_WT_SMARCA4_r2,SMARCA4_r2,0,0
ChIP-seq,peaks,HAP1,SMARCA4_Input_r2,0,ChIP-seq_HAP1_WT_Input_25_r2,Input_25_r2,0,0
ChIP-seq,peaks,HAP1,SMARCA4_r1_IgG,1,ChIP-seq_HAP1_WT_SMARCA4_r1,SMARCA4_r1,0,0
ChIP-seq,peaks,HAP1,SMARCA4_r1_IgG,1,ChIP-seq_HAP1_WT_SMARCA4_r1,SMARCA4_r1,0,0
ChIP-seq,peaks,HAP1,SMARCA4_r1_IgG,0,ChIP-seq_HAP1_WT_IgG_r2,IgG_r2,0,0
ChIP-seq,peaks,HAP1,SMARCA4_r1_IgG,0,ChIP-seq_HAP1_WT_IgG_r1,IgG_r1,0,0
ChIP-seq,peaks,HAP1,SMARCA4_r2_IgG,1,ChIP-seq_HAP1_WT_SMARCA4_r2,SMARCA4_r2,0,0
ChIP-seq,peaks,HAP1,SMARCA4_r2_IgG,0,ChIP-seq_HAP1_WT_IgG_r2,IgG_r2,0,0
ChIP-seq,differential,HAP1,SMARCA4KO_vs_WT,1,ChIP-seq_HAP1_SMARCA4_ARID1A_r1,SMARCA4_ARID1A_r1,0,0
ChIP-seq,differential,HAP1,SMARCA4KO_vs_WT,0,ChIP-seq_HAP1_WT_ARID1A_r3,WT_ARID1A_r1,0,0
ChIP-seq,differential,HAP1,SMARCC1KO_vs_WT,1,ChIP-seq_HAP1_SMARCC1_ARID1A_r1,SMARCC1_ARID1A_r1,0,0
ChIP-seq,differential,HAP1,SMARCC1KO_vs_WT,0,ChIP-seq_HAP1_WT_ARID1A_r3,WT_ARID1A_r1,0,0
ChIP-seq,differential,HAP1,SMARCC2KO_vs_WT,1,ChIP-seq_HAP1_SMARCC2_ARID1A_r1,SMARCC2_ARID1A_r1,0,0
ChIP-seq,differential,HAP1,SMARCC2KO_vs_WT,0,ChIP-seq_HAP1_WT_ARID1A_r3,WT_ARID1A_r1,0,0
RNA-seq,differential,A549,REC,1,RNA-seq_A549_REC_r1,REC,0,0
RNA-seq,differential,A549,REC,1,RNA-seq_A549_REC_r2,REC,0,0
RNA-seq,differential,A549,REC,1,RNA-seq_A549_REC_r3,REC,0,0
RNA-seq,differential,A549,REC,0,RNA-seq_A549_WT_r1,WT,0,0
RNA-seq,differential,A549,REC,0,RNA-seq_A549_WT_r2,WT,0,0
RNA-seq,differential,A549,REC,0,RNA-seq_A549_WT_r3,WT,0,0
RNA-seq,differential,H2122,ARID1A,1,RNA-seq_H2122_ARID1A_r1,ARID1A,0,1
RNA-seq,differential,H2122,ARID1A,1,RNA-seq_H2122_ARID1A_r2,ARID1A,0,1
RNA-seq,differential,H2122,ARID1A,1,RNA-seq_H2122_ARID1A_r3,ARID1A,0,1
RNA-seq,differential,H2122,ARID1A,0,RNA-seq_H2122_WT_r1,WT,0,1
RNA-seq,differential,H2122,ARID1A,0,RNA-seq_H2122_WT_r2,WT,0,1
RNA-seq,differential,H2122,ARID1A,0,RNA-seq_H2122_WT_r3,WT,0,1
RNA-seq,differential,H2122,ARID1B,1,RNA-seq_H2122_ARID1B_r1,ARID1B,0,1
RNA-seq,differential,H2122,ARID1B,1,RNA-seq_H2122_ARID1B_r2,ARID1B,0,1
RNA-seq,differential,H2122,ARID1B,1,RNA-seq_H2122_ARID1B_r3,ARID1B,0,1
RNA-seq,differential,H2122,ARID1B,0,RNA-seq_H2122_WT_r1,WT,0,1
RNA-seq,differential,H2122,ARID1B,0,RNA-seq_H2122_WT_r2,WT,0,1
RNA-seq,differential,H2122,ARID1B,0,RNA-seq_H2122_WT_r3,WT,0,1
RNA-seq,differential,HAP1,ACTB,1,RNA-seq_HAP1_ACTB_r1_2471_10,ACTB,0,1
RNA-seq,differential,HAP1,ACTB,1,RNA-seq_HAP1_ACTB_r2_2471_10,ACTB,0,1
RNA-seq,differential,HAP1,ACTB,0,RNA-seq_HAP1_WT_r1_C631,WT,0,1
RNA-seq,differential,HAP1,ACTB,0,RNA-seq_HAP1_WT_r2_C631,WT,0,1
RNA-seq,differential,HAP1,ARID1A,1,RNA-seq_HAP1_ARID1A_r1_618_10,ARID1A,0,1
RNA-seq,differential,HAP1,ARID1A,1,RNA-seq_HAP1_ARID1A_r1_618_3,ARID1A,0,1
RNA-seq,differential,HAP1,ARID1A,1,RNA-seq_HAP1_ARID1A_r2_618_10,ARID1A,0,1
RNA-seq,differential,HAP1,ARID1A,1,RNA-seq_HAP1_ARID1A_r2_618_3,ARID1A,0,1
RNA-seq,differential,HAP1,ARID1A,0,RNA-seq_HAP1_WT_r1_C631,WT,0,1
RNA-seq,differential,HAP1,ARID1A,0,RNA-seq_HAP1_WT_r2_C631,WT,0,1
RNA-seq,differential,HAP1,ARID1A,0,RNA-seq_HAP1_WT_r1_C631,WT,0,1
RNA-seq,differential,HAP1,ARID1A,0,RNA-seq_HAP1_WT_r2_C631,WT,0,1
RNA-seq,differential,HAP1,ARID1B,1,RNA-seq_HAP1_ARID1B_r1_582_7,ARID1B,0,1
RNA-seq,differential,HAP1,ARID1B,1,RNA-seq_HAP1_ARID1B_r2_582_7,ARID1B,0,1
RNA-seq,differential,HAP1,ARID1B,0,RNA-seq_HAP1_WT_r1_C631,WT,0,1
RNA-seq,differential,HAP1,ARID1B,0,RNA-seq_HAP1_WT_r2_C631,WT,0,1
RNA-seq,differential,HAP1,ARID2,1,RNA-seq_HAP1_ARID2_r1_907_9,ARID2,0,1
RNA-seq,differential,HAP1,ARID2,1,RNA-seq_HAP1_ARID2_r2_907_9,ARID2,0,1
RNA-seq,differential,HAP1,ARID2,0,RNA-seq_HAP1_WT_r1_C631,WT,0,1
RNA-seq,differential,HAP1,ARID2,0,RNA-seq_HAP1_WT_r2_C631,WT,0,1
RNA-seq,differential,HAP1,BCL11A,1,RNA-seq_HAP1_BCL11A_r1_2426_10,BCL11A,0,1
RNA-seq,differential,HAP1,BCL11A,1,RNA-seq_HAP1_BCL11A_r2_2426_10,BCL11A,0,1
RNA-seq,differential,HAP1,BCL11A,0,RNA-seq_HAP1_WT_r1_C631,WT,0,1
RNA-seq,differential,HAP1,BCL11A,0,RNA-seq_HAP1_WT_r2_C631,WT,0,1
RNA-seq,differential,HAP1,BCL11B,1,RNA-seq_HAP1_BCL11B_r1_2432_10,BCL11B,0,1
RNA-seq,differential,HAP1,BCL11B,1,RNA-seq_HAP1_BCL11B_r2_2432_10,BCL11B,0,1
RNA-seq,differential,HAP1,BCL11B,0,RNA-seq_HAP1_WT_r1_C631,WT,0,1
RNA-seq,differential,HAP1,BCL11B,0,RNA-seq_HAP1_WT_r2_C631,WT,0,1
RNA-seq,differential,HAP1,BCL7A,1,RNA-seq_HAP1_BCL7A_r1_2434_10,BCL7A,0,1
RNA-seq,differential,HAP1,BCL7A,1,RNA-seq_HAP1_BCL7A_r2_2434_10,BCL7A,0,1
RNA-seq,differential,HAP1,BCL7A,0,RNA-seq_HAP1_WT_r1_C631,WT,0,1
RNA-seq,differential,HAP1,BCL7A,0,RNA-seq_HAP1_WT_r2_C631,WT,0,1
RNA-seq,differential,HAP1,BCL7B,1,RNA-seq_HAP1_BCL7B_r1_4278_8,BCL7B,0,1
RNA-seq,differential,HAP1,BCL7B,1,RNA-seq_HAP1_BCL7B_r2_4278_8,BCL7B,0,1
RNA-seq,differential,HAP1,BCL7B,0,RNA-seq_HAP1_WT_r1_C631,WT,0,1
RNA-seq,differential,HAP1,BCL7B,0,RNA-seq_HAP1_WT_r2_C631,WT,0,1
RNA-seq,differential,HAP1,BRD4,1,RNA-seq_HAP1_BRD4_1340-4_r1,BRD4,0,0
RNA-seq,differential,HAP1,BRD4,1,RNA-seq_HAP1_BRD4_1340-4_r2,BRD4,0,0
RNA-seq,differential,HAP1,BRD4,1,RNA-seq_HAP1_BRD4_1340-4_r3,BRD4,0,0
RNA-seq,differential,HAP1,BRD4,0,RNA-seq_HAP1_WT_r1,WT,0,0
RNA-seq,differential,HAP1,BRD4,0,RNA-seq_HAP1_WT_r2,WT,0,0
RNA-seq,differential,HAP1,BRD4,0,RNA-seq_HAP1_WT_r3,WT,0,0
RNA-seq,differential,HAP1,BRD7,1,RNA-seq_HAP1_BRD7_r1_923_10,BRD7,0,1
RNA-seq,differential,HAP1,BRD7,1,RNA-seq_HAP1_BRD7_r2_923_10,BRD7,0,1
RNA-seq,differential,HAP1,BRD7,0,RNA-seq_HAP1_WT_r1_C631,WT,0,1
RNA-seq,differential,HAP1,BRD7,0,RNA-seq_HAP1_WT_r2_C631,WT,0,1
RNA-seq,differential,HAP1,BRD9,1,RNA-seq_HAP1_BRD9_r1_934_10,BRD9,0,1
RNA-seq,differential,HAP1,BRD9,1,RNA-seq_HAP1_BRD9_r2_934_10,BRD9,0,1
RNA-seq,differential,HAP1,BRD9,0,RNA-seq_HAP1_WT_r1_C631,WT,0,1
RNA-seq,differential,HAP1,BRD9,0,RNA-seq_HAP1_WT_r2_C631,WT,0,1
RNA-seq,differential,HAP1,DPF1,1,RNA-seq_HAP1_DPF1_r1_2779_11,DPF1,0,1
RNA-seq,differential,HAP1,DPF1,1,RNA-seq_HAP1_DPF1_r2_2779_11,DPF1,0,1
RNA-seq,differential,HAP1,DPF1,0,RNA-seq_HAP1_WT_r1_C631,WT,0,1
RNA-seq,differential,HAP1,DPF1,0,RNA-seq_HAP1_WT_r2_C631,WT,0,1
RNA-seq,differential,HAP1,DPF2,1,RNA-seq_HAP1_DPF2_r1_2777_4,DPF2,0,1
RNA-seq,differential,HAP1,DPF2,1,RNA-seq_HAP1_DPF2_r2_2777_4,DPF2,0,1
RNA-seq,differential,HAP1,DPF2,0,RNA-seq_HAP1_WT_r1_C631,WT,0,1
RNA-seq,differential,HAP1,DPF2,0,RNA-seq_HAP1_WT_r2_C631,WT,0,1
RNA-seq,differential,HAP1,DPF3,1,RNA-seq_HAP1_DPF3_r1_2776_1,DPF3,0,1
RNA-seq,differential,HAP1,DPF3,1,RNA-seq_HAP1_DPF3_r2_2776_1,DPF3,0,1
RNA-seq,differential,HAP1,DPF3,0,RNA-seq_HAP1_WT_r1_C631,WT,0,1
RNA-seq,differential,HAP1,DPF3,0,RNA-seq_HAP1_WT_r2_C631,WT,0,1
RNA-seq,differential,HAP1,parental_dBet6,1,RNA-seq_HAP1_parental_r1_dBet6,WT_parental_dBet6,0,0
RNA-seq,differential,HAP1,parental_dBet6,1,RNA-seq_HAP1_parental_r2_dBet6,WT_parental_dBet6,0,0
RNA-seq,differential,HAP1,parental_dBet6,1,RNA-seq_HAP1_parental_r3_dBet6,WT_parental_dBet6,0,0
RNA-seq,differential,HAP1,parental_dBet6,0,RNA-seq_HAP1_parental_r1,WT_parental,0,0
RNA-seq,differential,HAP1,parental_dBet6,0,RNA-seq_HAP1_parental_r2,WT_parental,0,0
RNA-seq,differential,HAP1,parental_dBet6,0,RNA-seq_HAP1_parental_r3,WT_parental,0,0
RNA-seq,differential,HAP1,PBRM1,1,RNA-seq_HAP1_PBRM1_r1_1135_10,PBRM1,0,1
RNA-seq,differential,HAP1,PBRM1,1,RNA-seq_HAP1_PBRM1_r2_1135_10,PBRM1,0,1
RNA-seq,differential,HAP1,PBRM1,0,RNA-seq_HAP1_WT_r1_C631,WT,0,1
RNA-seq,differential,HAP1,PBRM1,0,RNA-seq_HAP1_WT_r2_C631,WT,0,1
RNA-seq,differential,HAP1,PHF10,1,RNA-seq_HAP1_PHF10_r1_2778_11,PHF10,0,1
RNA-seq,differential,HAP1,PHF10,1,RNA-seq_HAP1_PHF10_r2_2778_11,PHF10,0,1
RNA-seq,differential,HAP1,PHF10,0,RNA-seq_HAP1_WT_r1_C631,WT,0,1
RNA-seq,differential,HAP1,PHF10,0,RNA-seq_HAP1_WT_r2_C631,WT,0,1
RNA-seq,differential,HAP1,shARID2_over_SMARCA4KO,1,RNA-seq_HAP1_SMARCA4_ARID2_r1,SMARCA4_ARID2,0,0
RNA-seq,differential,HAP1,shARID2_over_SMARCA4KO,1,RNA-seq_HAP1_SMARCA4_ARID2_r2,SMARCA4_ARID2,0,0
RNA-seq,differential,HAP1,shARID2_over_SMARCA4KO,0,RNA-seq_HAP1_SMARCA4_shControl_r1,SMARCA4_shControl,0,0
RNA-seq,differential,HAP1,shARID2_over_SMARCA4KO,0,RNA-seq_HAP1_SMARCA4_shControl_r2,SMARCA4_shControl,0,0
RNA-seq,differential,HAP1,shARID2_over_WT,1,RNA-seq_HAP1_WT_ARID2_r1,WT_ARID2,0,0
RNA-seq,differential,HAP1,shARID2_over_WT,1,RNA-seq_HAP1_WT_ARID2_r2,WT_ARID2,0,0
RNA-seq,differential,HAP1,shARID2_over_WT,0,RNA-seq_HAP1_WT_shControl_r1,WT_shControl,0,0
RNA-seq,differential,HAP1,shARID2_over_WT,0,RNA-seq_HAP1_WT_shControl_r2,WT_shControl,0,0
RNA-seq,differential,HAP1,shSMARCA4_over_ARID2KO,1,RNA-seq_HAP1_ARID2_SMARCA4_r1,ARID2_SMARCA4,0,0
RNA-seq,differential,HAP1,shSMARCA4_over_ARID2KO,1,RNA-seq_HAP1_ARID2_SMARCA4_r2,ARID2_SMARCA4,0,0
RNA-seq,differential,HAP1,shSMARCA4_over_ARID2KO,0,RNA-seq_HAP1_ARID2_shControl_r1,ARID2_shControl,0,0
RNA-seq,differential,HAP1,shSMARCA4_over_ARID2KO,0,RNA-seq_HAP1_ARID2_shControl_r2,ARID2_shControl,0,0
RNA-seq,differential,HAP1,shSMARCA4_over_WT,1,RNA-seq_HAP1_WT_SMARCA4_r1,WT_SMARCA4,0,0
RNA-seq,differential,HAP1,shSMARCA4_over_WT,1,RNA-seq_HAP1_WT_SMARCA4_r2,WT_SMARCA4,0,0
RNA-seq,differential,HAP1,shSMARCA4_over_WT,0,RNA-seq_HAP1_WT_shControl_r1,WT_shControl,0,0
RNA-seq,differential,HAP1,shSMARCA4_over_WT,0,RNA-seq_HAP1_WT_shControl_r2,WT_shControl,0,0
RNA-seq,differential,HAP1,shSMARCA4shARID2_over_WT,1,RNA-seq_HAP1_WT_shSMARCA4shARID2_r1,WT_shSMARCA4shARID2,0,0
RNA-seq,differential,HAP1,shSMARCA4shARID2_over_WT,1,RNA-seq_HAP1_WT_shSMARCA4shARID2_r2,WT_shSMARCA4shARID2,0,0
RNA-seq,differential,HAP1,shSMARCA4shARID2_over_WT,0,RNA-seq_HAP1_WT_shControl_r1,WT_shControl,0,0
RNA-seq,differential,HAP1,shSMARCA4shARID2_over_WT,0,RNA-seq_HAP1_WT_shControl_r2,WT_shControl,0,0
RNA-seq,differential,HAP1,SMARCA2,1,RNA-seq_HAP1_SMARCA2_r1_4055_12,SMARCA2,0,1
RNA-seq,differential,HAP1,SMARCA2,1,RNA-seq_HAP1_SMARCA2_r2_4055_12,SMARCA2,0,1
RNA-seq,differential,HAP1,SMARCA2,0,RNA-seq_HAP1_WT_r1_C631,WT,0,1
RNA-seq,differential,HAP1,SMARCA2,0,RNA-seq_HAP1_WT_r2_C631,WT,0,1
RNA-seq,differential,HAP1,SMARCA4,1,RNA-seq_HAP1_SMARCA4_r1_2878_4,SMARCA4,0,1
RNA-seq,differential,HAP1,SMARCA4,1,RNA-seq_HAP1_SMARCA4_r1_2878_6,SMARCA4,0,1
RNA-seq,differential,HAP1,SMARCA4,1,RNA-seq_HAP1_SMARCA4_r2_2878_4,SMARCA4,0,1
RNA-seq,differential,HAP1,SMARCA4,1,RNA-seq_HAP1_SMARCA4_r2_2878_6,SMARCA4,0,1
RNA-seq,differential,HAP1,SMARCA4,0,RNA-seq_HAP1_WT_r1_C631,WT,0,1
RNA-seq,differential,HAP1,SMARCA4,0,RNA-seq_HAP1_WT_r2_C631,WT,0,1
RNA-seq,differential,HAP1,SMARCC1,1,RNA-seq_HAP1_SMARCC1_r1_2476_12,SMARCC1,0,1
RNA-seq,differential,HAP1,SMARCC1,1,RNA-seq_HAP1_SMARCC1_r2_2476_12,SMARCC1,0,1
RNA-seq,differential,HAP1,SMARCC1,0,RNA-seq_HAP1_WT_r1_C631,WT,0,1
RNA-seq,differential,HAP1,SMARCC1,0,RNA-seq_HAP1_WT_r2_C631,WT,0,1
RNA-seq,differential,HAP1,SMARCC2,1,RNA-seq_HAP1_SMARCC2_r1,SMARCC2,1,1
RNA-seq,differential,HAP1,SMARCC2,1,RNA-seq_HAP1_SMARCC2_r2,SMARCC2,1,1
RNA-seq,differential,HAP1,SMARCC2,1,RNA-seq_HAP1_SMARCC2_r3,SMARCC2,1,1
RNA-seq,differential,HAP1,SMARCC2,0,RNA-seq_HAP1_WT_r1,WT,1,1
RNA-seq,differential,HAP1,SMARCC2,0,RNA-seq_HAP1_WT_r2,WT,1,1
RNA-seq,differential,HAP1,SMARCC2,0,RNA-seq_HAP1_WT_r3,WT,1,1
RNA-seq,differential,HAP1,SMARCD1,1,RNA-seq_HAP1_SMARCD1_r1_2478_6,SMARCD1,0,1
RNA-seq,differential,HAP1,SMARCD1,1,RNA-seq_HAP1_SMARCD1_r2_2478_6,SMARCD1,0,1
RNA-seq,differential,HAP1,SMARCD1,0,RNA-seq_HAP1_WT_r1_C631,WT,0,1
RNA-seq,differential,HAP1,SMARCD1,0,RNA-seq_HAP1_WT_r2_C631,WT,0,1
RNA-seq,differential,HAP1,SMARCD2,1,RNA-seq_HAP1_SMARCD2_r1_2782_10,SMARCD2,0,1
RNA-seq,differential,HAP1,SMARCD2,1,RNA-seq_HAP1_SMARCD2_r2_2782_10,SMARCD2,0,1
RNA-seq,differential,HAP1,SMARCD2,0,RNA-seq_HAP1_WT_r1_C631,WT,0,1
RNA-seq,differential,HAP1,SMARCD2,0,RNA-seq_HAP1_WT_r2_C631,WT,0,1
RNA-seq,differential,HAP1,SMARCD3,1,RNA-seq_HAP1_SMARCD3_r1_2480_12,SMARCD3,0,1
RNA-seq,differential,HAP1,SMARCD3,1,RNA-seq_HAP1_SMARCD3_r2_2480_12,SMARCD3,0,1
RNA-seq,differential,HAP1,SMARCD3,0,RNA-seq_HAP1_WT_r1_C631,WT,0,1
RNA-seq,differential,HAP1,SMARCD3,0,RNA-seq_HAP1_WT_r2_C631,WT,0,1
RNA-seq,differential,HAP1,WT_dBet6,1,RNA-seq_HAP1_WT_r1_dBet6,WT_dBet6,0,0
RNA-seq,differential,HAP1,WT_dBet6,1,RNA-seq_HAP1_WT_r2_dBet6,WT_dBet6,0,0
RNA-seq,differential,HAP1,WT_dBet6,1,RNA-seq_HAP1_WT_r3_dBet6,WT_dBet6,0,0
RNA-seq,differential,HAP1,WT_dBet6,0,RNA-seq_HAP1_WT_r1,WT,0,0
RNA-seq,differential,HAP1,WT_dBet6,0,RNA-seq_HAP1_WT_r2,WT,0,0
RNA-seq,differential,HAP1,WT_dBet6,0,RNA-seq_HAP1_WT_r3,WT,0,0
RNA-seq,differential,OV90,ARID1A,1,RNA-seq_OV90_ARID1A_r1_21D,ARID1A,0,0
RNA-seq,differential,OV90,ARID1A,1,RNA-seq_OV90_ARID1A_r1_27B,ARID1A,0,0
RNA-seq,differential,OV90,ARID1A,1,RNA-seq_OV90_ARID1A_r2_21D,ARID1A,0,0
RNA-seq,differential,OV90,ARID1A,1,RNA-seq_OV90_ARID1A_r2_27B,ARID1A,0,0
RNA-seq,differential,OV90,ARID1A,1,RNA-seq_OV90_ARID1A_r3_21D,ARID1A,0,0
RNA-seq,differential,OV90,ARID1A,1,RNA-seq_OV90_ARID1A_r3_27B,ARID1A,0,0
RNA-seq,differential,OV90,ARID1A,0,RNA-seq_OV90_WT_r1_ATCC,WT,0,0
RNA-seq,differential,OV90,ARID1A,0,RNA-seq_OV90_WT_r1_Cl9E6,WT,0,0
RNA-seq,differential,OV90,ARID1A,0,RNA-seq_OV90_WT_r2_ATCC,WT,0,0
RNA-seq,differential,OV90,ARID1A,0,RNA-seq_OV90_WT_r2_Cl9E6,WT,0,0
RNA-seq,differential,OV90,ARID1A,0,RNA-seq_OV90_WT_r3_ATCC,WT,0,0
RNA-seq,differential,OV90,ARID1A,0,RNA-seq_OV90_WT_r3_Cl9E6,WT,0,0
